λ,Kдоцільн,Тзалишк,Група,Стан,Рейтинг,Будів,Реконстр,Ремонт,Обстеж,Дорога,Назва моста,км,плюс,Проект,Довжина,Тип,Категорія,Код,Матеріал,КодМатеріал,Обл,Назва області
0.024902,27.307087,38,3,3,68,1955,,,2006,М-12,Міст на км 48 + 237 струмок с.Княгиничі,48,237,,7.2,1,4,44583,Залізобетон,2,9,Івано-Франківська область
0.038485,17.929134,25,2,3,69,1955,1973,,2006,М-12,Міст на км 49 + 100 р.Свірж с.Княгиничі,49,100,,30.1,1,4,44584,Залізобетон,2,9,Івано-Франківська область
0.024902,27.708661,38,3,3,69,1955,,,2006,М-12,Міст на км 49 + 289 р.Свірж с.Загрі'я,49,289,,16.95,1,4,44585,Залізобетон,2,9,Івано-Франківська область
0.070556,9.92126,13,1,3,70,1960,1988,,2006,М-12,Міст на км 58 + 220 струмок с.Залужжя,58,220,Типовий проект,6,1,3,44586,Залізобетон,2,9,Івано-Франківська область
0.0254,27.165354,38,3,3,69,1956,,,2006,М-12,Міст на км 64 + 067 струмок м. Рогатин,64,67,,12.12,1,2,44589,Залізобетон,2,9,Івано-Франківська область
0.119286,5.113772,4,1,4,61,1958,1992,,2006,М-12,Міст на км 69 + 694 р.Зимовий потік с.Пуків,69,694,Типовий проект,18,1,2,44590,Залізобетон,2,9,Івано-Франківська область
0.127,5.433071,7,1,3,69,1958,1996,,2006,М-12,Міст на км 75 + 744 стумок с.Лопушна,75,744,Типовий проект,6,1,2,44591,Залізобетон,2,9,Івано-Франківська область
0.070556,9.496063,13,1,3,67,1959,1987,,2005,Н-09,Міст на км 214 + 948 p.Пpутець Ябл. c.Яблуниця,214,948,Типовий проект,12.1,1,3,44647,Залізобетон,2,9,Івано-Франківська область
0.070556,10.204724,13,1,3,72,1961,1987,,2005,Н-09,Міст на км 215 + 407 p.Пpутець Ябл. c.Яблуниця,215,407,Типовий проект,18.1,1,3,44648,Залізобетон,2,9,Івано-Франківська область
0.019545,44,70,3,2,86,1961,0,,2005,Н-09,Міст на км 217 + 627 p.Пpутець Ябл. c.Яблуниця,217,627,Типовий проект,24.4,1,3,44649,Залізобетон,2,9,Івано-Франківська область
0.030714,27.674419,44,3,2,85,1959,1977,,2005,Н-09,Міст на км 217 + 842 потік с.Яблуниця,217,842,Типовий проект,6.1,1,3,44650,Залізобетон,2,9,Івано-Франківська область
0.028222,25.511811,34,3,3,72,1962,0,,2007,Н-09,Міст на км 218 + 872 p.Пpутець Ябл. с. Татарів,218,872,Типовий проект,30.2,1,3,44651,Залізобетон,2,9,Івано-Франківська область
0.034082,16.137725,16,3,4,55,1958,0,,2007,Н-09,Міст на км 219 + 535 p. Химський с.Татарів,219,535,,15.1,1,3,44652,Залізобетон,2,9,Івано-Франківська область
,,,,3,70,2007,,,2007,Н-09,Міст на км 219 + 874 p.Пpутець Ябл. c.Татарів,219,874,Типовий проект,21.1,1,3,44653,Залізобетон,2,9,Івано-Франківська область
0.127,5.511811,7,1,3,70,1964,1997,,2007,Н-09,Шляхопровід на км 222 + 288 з/д с. Татарів,222,288,Типовий проект,42.38,2,3,44679,Залізобетон,2,9,Івано-Франківська область
0.097692,7.779528,9,1,3,76,1960,1992,,2005,Н-09,Міст на км 225 + 880 потiк с. Татарів,225,880,Типовий проект,9.1,1,3,44654,Залізобетон,2,9,Івано-Франківська область
0.057333,15.523256,24,2,2,89,1990,0,,2005,Н-09,Міст на км 226 + 020 p.Пpут с. Татарів,226,20,Типовий проект,108.35,1,3,44655,Залізобетон,2,9,Івано-Франківська область
,,,,1,100,2006,0,,2006,Н-09,Міст на км 227 + 965 p. Прут с. Микуличин,227,965,,86,1,4,44656,Метал,4,9,Івано-Франківська область
0.034082,17.311377,16,3,4,59,1928,1958,,2007,Н-09,Міст на км 229 + 704 потік с. Микуличин,229,704,,5.4,1,3,44657,Залізобетон,2,9,Івано-Франківська область
0.097692,7.165354,9,1,3,70,1958,1992,,2005,Н-09,Міст на км 231 + 283 потік с. Микуличин,231,283,Типовий проект,7,1,3,44658,Залізобетон,2,9,Івано-Франківська область
0.029535,24.377953,32,3,3,72,1962,0,,2005,Н-09,Міст на км 232 + 666 p. Прут с. Микуличин,232,666,Типовий проект,76.08,1,3,44659,Залізобетон,2,9,Івано-Франківська область
0.075,6.933333,1,1,5,52,1957,1977,,2005,Н-09,Міст на км 232 + 807 потік с. Микуличин,232,807,Типовий проект,6.1,1,3,44660,Залізобетон,2,9,Івано-Франківська область
0.045357,15.433071,21,2,3,70,1958,1977,,2005,Н-09,Міст на км 233 + 279 потік с. Микуличин,233,279,Типовий проект,6.1,1,2,44661,Залізобетон,2,9,Івано-Франківська область
0.041176,9.957143,3,2,5,41,1954,0,,2005,Н-09,Міст на км 233 + 370 p. Пpутець Чемерівський c. Микуличин,233,370,,85.15,1,3,44662,Сталезалізобетон,24,9,Івано-Франківська область
0.059643,9.389222,9,2,4,56,1957,1977,,2005,Н-09,Міст на км 233 + 878 суходіл с. Микуличин,233,878,,21.08,1,3,44663,Залізобетон,2,9,Івано-Франківська область
0.049118,12.419162,11,2,4,61,1958,1971,,2005,Н-09,Міст на км 234 + 357 потік с. Микуличин,234,357,Типовий проект,6.1,1,3,44664,Залізобетон,2,9,Івано-Франківська область
0.028864,24.251969,33,3,3,70,1961,0,,2005,Н-09,Міст на км 234 + 751 потік с.Микуличин,234,751,Типовий проект,8.96,1,3,44665,Залізобетон,2,9,Івано-Франківська область
0.042333,17.007874,22,2,3,72,1950,1975,,2005,Н-09,Міст на км 235 + 565 потік с. Микуличин,235,565,Типовий проект,6.1,1,3,44666,Залізобетон,2,9,Івано-Франківська область
0.43,2,3,1,2,86,2003,0,,2005,Н-09,Міст на км 236 + 342 p. Пpут с.Ямна,236,342,Типовий проект,110,1,3,44667,Залізобетон,2,9,Івано-Франківська область
0.057333,15,24,2,2,86,1990,0,,2005,Н-09,Міст на км 237 + 000 р. Прут с. Ямна,237,0,Типовий проект,145,1,3,44668,Залізобетон,2,9,Івано-Франківська область
,,,,5,35,1950,2005,,2005,Н-09,Міст на км 238 + 894 потік с. Ямна,238,894,Типовий проект,6,1,3,44669,Залізобетон,2,9,Івано-Франківська область
,,,,5,35,1950,2005,,2005,Н-09,Міст на км 238 + 934 потік с. Ямна,238,934,Типовий проект,6,1,3,44670,Залізобетон,2,9,Івано-Франківська область
,,,,5,35,1950,2005,,2005,Н-09,Міст на км 239 + 026 потік с. Ямна,239,26,Типовий проект,6,1,3,44671,Залізобетон,2,9,Івано-Франківська область
0.047727,9.428571,2,2,5,45,1961,0,,2005,Н-09,Міст на км 241 + 676 p. Прут м. Яремча,241,676,Типовий проект,73.48,1,3,44672,Залізобетон,2,9,Івано-Франківська область
0.064231,8.718563,8,1,4,56,1963,1979,,2005,Н-09,Міст на км 243 + 297 потік м.Яремча,243,297,Типовий проект,12.05,1,3,44673,Залізобетон,2,9,Івано-Франківська область
0.058333,7.714286,2,2,5,45,1956,1969,,2005,Н-09,Міст на км 245 + 259 потік м. Яремча,245,259,,10.5,1,3,44674,Сталезалізобетон,24,9,Івано-Франківська область
0.13125,2.666667,1,1,5,35,1950,1989,,2005,Н-09,Міст на км 245 + 373 потік м. Яремча,245,373,Типовий проект,6,1,3,44675,Залізобетон,2,9,Івано-Франківська область
0.063636,7.071429,2,2,5,45,1950,1972,,2005,Н-09,Міст на км 246 + 452 p. Каменка м. Яремча,246,425,Типовий проект,44.92,1,3,44676,Залізобетон,2,9,Івано-Франківська область
0.084,3.690476,1,1,5,31,1964,1980,,2005,Н-09,Міст на км 248 + 265 потік м. Яремча,248,265,Типовий проект,6,1,3,44677,Залізобетон,2,9,Івано-Франківська область
0.063636,7.071429,2,2,5,45,1955,1972,,2005,Н-09,Міст на км 248 + 951 смт. Делятин р. Коломийка,248,951,Типовий проект,4.6,1,3,44678,Залізобетон,2,9,Івано-Франківська область
0.030238,19.181102,32,3,3,58,1963,0,,2005,Н-09,Міст на км 250 + 785 р.Перемиска смт.Делятин,250,785,Типовий проект,42.5,1,3,44680,Залізобетон,2,9,Івано-Франківська область
0.072414,6.628571,1,1,5,48,1963,1976,,2005,Н-09,Міст на км 253 + 72 потік смт.Делятин,253,72,,6,1,3,44681,Залізобетон,2,9,Івано-Франківська область
0.043947,13.42515,12,2,4,59,1967,0,,2005,Н-09,Міст на км 254 + 685 з/д смт.Делятин,254,685,Типовий проект,97.35,1,3,44682,Залізобетон,2,9,Івано-Франківська область
0.056757,6.166667,2,2,5,35,1968,0,,2005,Н-09,Міст на км 254 + 919 р.Солянка смт.Делятин,254,919,Типовий проект,23,1,3,44683,Залізобетон,2,9,Івано-Франківська область
0.056757,5.461905,2,2,5,31,1959,1968,,2005,Н-09,Міст на км 258 + 945 потік с.Лоевая,258,945,,9.06,1,3,44684,Залізобетон,2,9,Івано-Франківська область
0.029655,28.662791,46,3,2,85,1976,0,,2005,Н-09,Міст на км 265 + 952 р.Стримба м.Надвірна,265,952,Типовий проект,60.2,1,3,44685,Залізобетон,2,9,Івано-Франківська область
0.028667,30,48,3,2,86,1927,1975,,2005,Н-09,Міст на км 267 + 108 потік м.Надвірна,267,108,Типовий проект,6,1,3,44686,Залізобетон,2,9,Івано-Франківська область
0.030714,29.302326,44,3,2,90,1959,1977,,2005,Н-09,Міст на км 267 + 912 потік м.Надвірна,267,912,Типовий проект,6,1,3,44687,Залізобетон,2,9,Івано-Франківська область
0.019111,45,72,3,2,86,1939,1960,,2005,Н-09,Міст на км 268 + 440 потік м.Надвірна,268,440,Типовий проект,5.5,1,3,44688,Залізобетон,2,9,Івано-Франківська область
0.238571,2.347305,2,1,4,56,1962,1998,,2005,Н-09,Міст на км 269 + 457 р.Бистриця Надв м.Надвірна,269,457,Типовий проект,137.85,1,3,44689,Залізобетон,2,9,Івано-Франківська область
0.042333,16.535433,22,2,3,70,1955,1975,,2005,Н-09,Міст на км 274 + 56 р.Луковець Мал. с.Гвізд,274,56,Типовий проект,12.06,1,3,44690,Залізобетон,2,9,Івано-Франківська область
0.047037,14.88189,20,2,3,70,1965,1978,,2005,Н-09,Міст на км 274 + 947 потік с.Гвізд,274,947,Типовий проект,6,1,3,44691,Залізобетон,2,9,Івано-Франківська область
0.185556,2.586826,3,1,4,48,1932,1996,,2005,Н-09,Міст на км 278 + 84 p.Луковець с.Старуня,278,84,,6,1,3,44692,Залізобетон,2,9,Івано-Франківська область
0.286667,3.104651,4,1,2,89,1929,2002,,2005,Н-09,Міст на км 294 + 386 р.Стебник смт.Богородчани,294,386,,19,1,2,44693,Сталезалізобетон,24,9,Івано-Франківська область
0.064231,8.718563,8,1,4,56,1938,1979,,2005,Н-09,Міст на км 300+116 р.Радча с.Дрогомирчани,300,116,Типовий проект,15.05,1,1,44694,Залізобетон,2,9,Івано-Франківська область
0.018955,37.456693,51,3,3,71,1938,,,2005,Н-09,Міст на км 304+278 суходіл м.Івано-Франківськ,304,278,Типовий проект,6,1,1,44695,Залізобетон,2,9,Івано-Франківська область
0.038485,18.448819,25,2,3,71,1965,1972,,2005,Н-09,Міст на км 312+136 р.Тязівчик с.Угринів,312,136,Типовий проект,12.55,1,1,44696,Залізобетон,2,9,Івано-Франківська область
0.050588,16.406977,27,2,2,83,1988,,,2005,Н-09,Шляхопровід на км 313 + 436 залізниця с. Угринів,313,436,Типовий проект,90,2,1,44699,Залізобетон,2,9,Івано-Франківська область
0.055667,10.05988,10,2,4,56,1975,,,2005,Н-09,Міст на км 316 + 313 р. Павельча с. Ямниця,316,313,Типовий проект,37,1,1,44697,Залізобетон,2,9,Івано-Франківська область
0.050606,11.065868,11,2,4,56,1965,1972,,2005,Н-09,Міст на км 319 + 955 р. Тязівчик с. Тязів,319,955,Типовий проект,12,1,2,44698,Залізобетон,2,9,Івано-Франківська область
0.035833,23.72093,38,3,2,85,1981,0,,2005,Н-09,Міст на км 333 + 518 р.Дністер м.Галич,333,518,Типовий проект,336,1,2,44615,Залізобетон,2,9,Івано-Франківська область
0.040732,13.257485,13,2,4,54,1964,0,,2005,Н-09,Шляхопровід на км 345 + 171 з/д с.Дем'янів,345,171,Типовий проект,50.48,2,2,44620,Залізобетон,2,9,Івано-Франківська область
0.055263,7.419048,2,2,5,41,1957,1967,,2005,Н-09,Міст на км 350 + 812 потік смт.Бурштин,350,812,Типовий проект,6,1,2,44616,Залізобетон,2,9,Івано-Франківська область
0.0668,10.179641,8,1,4,68,1957,1980,,2005,Н-09,Міст на км 354 + 188 потік с.Насташино,354,188,Типовий проект,6,1,2,44617,Залізобетон,2,9,Івано-Франківська область
0.0668,8.383234,8,1,4,56,1958,1980,,2005,Н-09,Міст на км 355 + 223 потік с.Насташино,355,223,Типовий проект,6,1,2,44618,Залізобетон,2,9,Івано-Франківська область
0.0668,8.383234,8,1,4,56,1953,1980,,2005,Н-09,Міст на км 355 + 972 потік с.Насташино,355,972,Типовий проект,6,1,2,44619,Залізобетон,2,9,Івано-Франківська область
0.064231,8.718563,8,1,4,56,1954,1979,,2005,Н-09,Міст на км 358 + 85 потік с.Конюшки,358,85,Типовий проект,6,1,2,44700,Залізобетон,2,9,Івано-Франківська область
0.061852,9.053892,9,2,4,56,1954,1978,,2005,Н-09,Міст на км 361 + 392 потік с.Бабухів,361,392,Типовий проект,6,1,2,44701,Залізобетон,2,9,Івано-Франківська область
0.077778,5.271429,1,1,5,41,1954,1978,,2005,Н-09,Міст на км 361 + 850 потік с.Бабухів,361,850,Типовий проект,6,1,2,44702,Залізобетон,2,9,Івано-Франківська область
0.075,7.733333,1,1,5,58,1962,1977,,2005,Н-09,Міст на км 363 + 173 потік с.Бабухів,363,173,Типовий проект,4.6,1,2,44703,Залізобетон,2,9,Івано-Франківська область
0.07,5.857143,1,1,5,41,1955,1975,,2005,Н-09,Міст на км 364 + 636 потік с.Вербилівці,364,636,Типовий проект,6,1,2,44704,Залізобетон,2,9,Івано-Франківська область
0.055667,10.05988,10,2,4,56,1955,1975,,2005,Н-09,Міст на км 366 + 138 потік с.Вербилівці,366,138,Типовий проект,6,1,2,44705,Залізобетон,2,9,Івано-Франківська область
0.061765,5.019048,2,2,5,31,1971,,,2005,Н-09,Міст на км 370 + 171 р.Гнила Липа м. Рогатин,370,171,Типовий проект,34.28,1,3,44706,Залізобетон,2,9,Івано-Франківська область
0.049118,11.401198,11,2,4,56,1971,,,2005,Н-09,Міст на км 372 + 261 потік с. Черче,372,261,Типовий проект,6,1,3,44707,Залізобетон,2,9,Івано-Франківська область
0.071667,11.860465,19,1,2,85,1993,,,2005,Н-09,Міст на км 384 + 062 р. Свірж с. Фрага,384,62,Типовий проект,42.4,1,3,44708,Залізобетон,2,9,Івано-Франківська область
,,,,1,100,2005,,,2005,Н-10,Міст на км 20 + 165 р. Свіча с. Лисовичі,20,165,,127,1,2,44772,Залізобетон,2,9,Івано-Франківська область
,,,,1,100,2006,,,2006,Н-10,Шляхопровід на км 26 + 476 ч/з залізницю с. Лисовичі,26,476,,55,2,,44774,Залізобетон,2,9,Івано-Франківська область
0.059643,8.383234,9,2,4,50,1957,1977,,2005,Н-10,Міст на км 29 + 311 р. Луканка с.Гошів,29,311,Типовий проект,71,1,2,44709,Залізобетон,2,9,Івано-Франківська область
0.079375,9.826772,12,1,3,78,1989,0,,2005,Н-10,Міст на км 29 + 867 p.Свіча с.Гошів,29,867,Типовий проект,109.2,1,2,44710,Залізобетон,2,9,Івано-Франківська область
0.055667,10.05988,10,2,4,56,1961,1975,,2005,Н-10,Міст на км 31 + 104 потік с.Тяпче,31,104,,6,1,2,44711,Залізобетон,2,9,Івано-Франківська область
0.053871,10.39521,10,2,4,56,1957,1974,,2005,Н-10,Міст на км 35 + 040 потік с. Яворів,35,40,,7,1,2,44712,Залізобетон,2,9,Івано-Франківська область
0.067742,6.052381,2,1,5,41,1960,1974,,2005,Н-10,Міст на км 38 + 691 р.Турьянка м.Долина,38,691,,6,1,2,44713,Залізобетон,2,9,Івано-Франківська область
0.055667,10.05988,10,2,4,56,1961,1975,,2005,Н-10,Міст на км 41 + 206 р.Сивка м.Долина,41,206,Типовий проект,24,1,2,44714,Залізобетон,2,9,Івано-Франківська область
0.0668,8.383234,8,1,4,56,1958,1980,,2005,Н-10,Міст на км 44 + 918 потік с.Оболоня,44,918,,6,1,2,44715,Залізобетон,2,9,Івано-Франківська область
0.110526,3.709524,1,1,5,41,1961,1986,,2005,Н-10,Міст на км 46 + 983 потік с.Надіїв,46,983,,5,1,2,44716,Залізобетон,2,9,Івано-Франківська область
0.091304,4.490476,1,1,5,41,1952,1982,,2005,Н-10,Міст на км 53 + 050 р.Саджива смт.Брошнів,53,50,,15,1,2,44764,Залізобетон,2,9,Івано-Франківська область
0.052188,10.730539,10,2,4,56,1973,,,2005,Н-10,Міст на км 66+381 р.Млинівка м.Калуш,66,381,,13,1,2,44765,Залізобетон,2,9,Івано-Франківська область
0.053871,9.281437,10,2,4,50,1974,,,2005,Н-10,Шляхопровід на км 72 + 477 залізниця м.Калуш,72,477,Типовий проект,54.8,2,2,44770,Залізобетон,2,9,Івано-Франківська область
0.065625,6.247619,2,1,5,41,1973,,,2005,Н-10,Міст на км 72 + 940 р.Млинівка м.Калуш,72,940,Типовий проект,23,1,2,44766,Залізобетон,2,9,Івано-Франківська область
0.046667,8.785714,2,2,5,41,1960,,,2005,Н-10,Міст на км 74 + 598 р.Студинець м.Калуш,74,598,Типовий проект,6,1,2,44767,Залізобетон,2,9,Івано-Франківська область
0.128462,4.359281,4,1,4,56,1992,,,2005,Н-10,Міст на км 75 + 925 р.Лімниця с.Вістова,75,925,Типовий проект,169,1,2,44768,Залізобетон,2,9,Івано-Франківська область
,,,,4,50,1964,2004,,2005,Н-10,Шляхопровід на км 76 + 548 залізниця с.Вістова,76,548,Типовий проект,46,2,2,44771,Залізобетон,2,9,Івано-Франківська область
0.049118,10.994012,11,2,4,54,1960,1971,,2005,Н-10,Міст на км 82 + 881 р.Луква с.Бондарів,82,881,Типовий проект,45,1,2,44769,Залізобетон,2,9,Івано-Франківська область
0.047714,11.736527,11,2,4,56,1970,,,2005,Н-10,Міст на км 83 + 703 р.Луквиця с.Майдан,83,703,Типовий проект,126.4,1,2,44739,Залізобетон,2,9,Івано-Франківська область
0.06,6.833333,2,2,5,41,1959,1970,,2005,Н-10,Міст на км 83 + 703 р.Луквиця с.Майдан,83,703,Типовий проект,31,1,2,44740,Залізобетон,2,9,Івано-Франківська область
0.046389,12.071856,12,2,4,56,1961,1969,,2005,Н-10,Міст на км 91 + 691 p.Павельча с.Павлівка,91,691,Типовий проект,37,1,2,44741,Залізобетон,2,9,Івано-Франківська область
0.049118,11.197605,11,2,4,55,1963,1971,,2005,Н-10,Міст на км 103 + 54 р.Бистриця Сол. с.Ст.Лисець,103,54,Типовий проект,19,1,2,44725,Залізобетон,2,9,Івано-Франківська область
0.072414,5.661905,1,1,5,41,1968,1976,,2005,Н-10,Міст на км 103 + 555 p.Бстриця Сол. с.Ст.Лисець,103,555,Типовий проект,136,1,2,44726,Залізобетон,2,9,Івано-Франківська область
0.061852,9.053892,9,2,4,56,1954,1978,,2005,Н-10,Міст на км 108 + 995 потік с.Чукалівка,108,995,Типовий проект,18,1,2,44727,Залізобетон,2,9,Івано-Франківська область
0.080769,5.07619,1,1,5,41,1979,0,,2005,Н-10,Міст на км 111 + 232 p.Бистриця Надвіpянська с.Чеpнiїв,111,232,Типовий проект,194,1,2,44728,Залізобетон,2,9,Івано-Франківська область
0.052188,10.730539,10,2,4,56,1964,1973,,2005,Н-10,Міст на км 112 + 485 р. Млинівка с. Черніїв,112,485,Типовий проект,19,1,2,44729,Залізобетон,2,9,Івано-Франківська область
0.057586,9.724551,9,2,4,56,1958,1976,,2005,Н-10,Міст на км 113 + 21 потік с.Чеpнiїв,113,21,Типовий проект,6,1,2,44730,Залізобетон,2,9,Івано-Франківська область
0.040952,20.267442,33,2,2,83,1984,0,,2005,Н-10,Міст на км 113 + 747 з.д. с.Чеpнiїв,113,747,Типовий проект,43,1,2,44731,Залізобетон,2,9,Івано-Франківська область
0.0525,7.809524,2,2,5,41,1965,,,2005,Н-10,Міст на км 116 + 600 потік с.Черніїв,116,600,Типовий проект,12,1,2,44732,Залізобетон,2,9,Івано-Франківська область
0.072609,7.712575,7,1,4,56,1982,0,,2005,Н-10,Міст на км 117 + 60 з.д. Марківці,117,60,Типовий проект,43,1,2,44733,Залізобетон,2,9,Івано-Франківська область
0.067742,6.052381,2,1,5,41,1963,1974,,2005,Н-10,Міст на км 118 + 952 р.Стримба с.Марківці,118,952,Типовий проект,24,1,2,44734,Залізобетон,2,9,Івано-Франківська область
0.053871,10.952096,10,2,4,59,1962,1974,,2005,Н-10,Міст на км 119 + 452 потік с.Маpкiвцi,119,452,,6,1,2,44735,Залізобетон,2,9,Івано-Франківська область
0.07,5.857143,1,1,5,41,1963,1975,,2005,Н-10,Міст на км 119 + 843 р.Стримба с.Маpкiвцi,119,843,Типовий проект,12,1,2,44736,Залізобетон,2,9,Івано-Франківська область
0.057586,9.724551,9,2,4,56,1964,1976,,2005,Н-10,Міст на км 122 + 266 канал с.Одаі,122,266,Типовий проект,17,1,2,44737,Залізобетон,2,9,Івано-Франківська область
0.055667,10.05988,10,2,4,56,1954,1975,,2005,Н-10,Міст на км 125 + 732 потік с.Кpивотули,125,732,,6,1,1,44738,Залізобетон,2,9,Івано-Франківська область
0.057586,9.724551,9,2,4,56,1976,0,,2005,Н-10,Міст на км 128 + 546 потік смт.Отинія,128,546,Типовий проект,12.1,1,2,44742,Залізобетон,2,9,Івано-Франківська область
0.057586,11.808383,9,2,4,68,1968,1976,,2005,Н-10,Міст на км 129 + 391 потік смт.Отинія,129,391,,9,1,2,44743,Залізобетон,2,9,Івано-Франківська область
0.057586,10.245509,9,2,4,59,1963,1976,,2005,Н-10,Міст на км 129 + 862 р.Ворона смт.Отинія,129,862,Типовий проект,36.2,1,2,44744,Залізобетон,2,9,Івано-Франківська область
0.072414,5.661905,1,1,5,41,1965,1976,,2005,Н-10,Міст на км 130 + 235 потік смт.Отинія,130,235,Типовий проект,13,1,2,44745,Залізобетон,2,9,Івано-Франківська область
0.055667,10.05988,10,2,4,56,1954,1975,,2005,Н-10,Міст на км 131 + 185 потік смт.Отинія,131,185,Типовий проект,7,1,2,44746,Залізобетон,2,9,Івано-Франківська область
0.087895,6.371257,6,1,4,56,1986,,,2005,Н-10,Міст на км 132 + 540 р.Уербер смт.Отинія,132,540,Типовий проект,54.9,1,2,44747,Залізобетон,2,9,Івано-Франківська область
0.15,2.733333,0,1,5,41,1991,0,,2005,Н-10,Міст на км 138 + 185 потік с.Л.Хлібичин,138,185,Типовий проект,43,1,2,44748,Залізобетон,2,9,Івано-Франківська область
0.039762,14.838323,14,2,4,59,1963,0,,2005,Н-10,Міст на км 139 + 820 потік с.Л.Хлібичин,139,820,Типовий проект,12,1,2,44749,Залізобетон,2,9,Івано-Франківська область
0.055667,10.05988,10,2,4,56,1963,1975,,2005,Н-10,Міст на км 140 + 255 потік c.Л.Хлібичин,140,255,Типовий проект,18,1,2,44750,Залізобетон,2,9,Івано-Франківська область
0.072414,8.009524,1,1,5,58,1966,1976,,2005,Н-10,Міст на км 140 + 533 потік c.Л.Хлiбичин,140,533,Типовий проект,4,1,2,44751,Залізобетон,2,9,Івано-Франківська область
0.07,5.857143,1,1,5,41,1963,1975,,2005,Н-10,Міст на км 145 + 767 потік с.Л.Слобiдка,145,767,Типовий проект,7,1,2,44752,Залізобетон,2,9,Івано-Франківська область
0.07,7.428571,1,1,5,52,1963,1975,,2005,Н-10,Міст на км 146 + 989 потік с.Л.Слобiдка,146,989,,7,1,2,44753,Залізобетон,2,9,Івано-Франківська область
0.119286,4.694611,4,1,4,56,1963,1991,,2005,Н-10,Міст на км 148 + 345 p.Коломийка с.Л.Слобідка,148,345,Типовий проект,19,1,1,44754,Залізобетон,2,9,Івано-Франківська область
0.111333,5.02994,5,1,4,56,1990,0,,2005,Н-10,Міст на км 156 + 496 потік с. Лісна Слобідка,156,496,Типовий проект,13,1,2,44755,Залізобетон,2,9,Івано-Франківська область
0.119286,4.694611,4,1,4,56,1991,0,,2005,Н-10,Міст на км 161 + 379 з.д. м.Коломия,161,379,Типовий проект,148,1,2,44756,Залізобетон,2,9,Івано-Франківська область
0.111333,5.299401,5,1,4,59,1990,0,,2005,Н-10,Міст на км 162 + 722 р. Косачівка м.Коломия,162,722,Типовий проект,13,1,2,44757,Залізобетон,2,9,Івано-Франківська область
0.167,3.353293,3,1,4,56,1995,0,,2005,Н-10,Міст на км 163 + 455 потік м. Коломия,163,455,Типовий проект,19,1,2,44758,Залізобетон,2,9,Івано-Франківська область
0.185556,2.694611,3,1,4,50,1996,,,2005,Н-10,Шляхопровід на км 164 + 43 з/д с. Пядики,164,43,Типовий проект,55,2,2,44762,Залізобетон,2,9,Івано-Франківська область
0.185556,2.694611,3,1,4,50,1996,,,2005,Н-10,Шляхопровід на км 164 + 485 автомобільна дорога V категорії м.Коломия,164,485,Типовий проект,91,2,2,44763,Залізобетон,2,9,Івано-Франківська область
0.185556,2.694611,3,1,4,50,1996,,,2005,Н-10,Шляхопровід км 166+068  залізниця м. Коломия,166,68,Типовий проект,60.2,2,2,44761,Залізобетон,2,9,Івано-Франківська область
0.0668,8.383234,8,1,4,56,1980,0,,2005,Н-10,Міст на км 170 + 819 р. Ольховець с. Матеївці,170,819,Типовий проект,12,1,2,44759,Залізобетон,2,9,Івано-Франківська область
0.077778,5.271429,1,1,5,41,1955,1978,,2005,Н-10,Міст на км 175 + 437 р.Рудка с. Семаківці,175,437,Типовий проект,6,1,2,44760,Залізобетон,2,9,Івано-Франківська область
0.0525,7.809524,2,2,5,41,1965,0,,2005,Н-10,Міст на км 179 + 625 р. Млиновка смт. Заболотiв,179,625,Типовий проект,6,1,2,44717,Залізобетон,2,9,Івано-Франківська область
0.065625,6.247619,2,1,5,41,1956,1973,,2005,Н-10,Міст на км 180 + 383 р. Млинівка смт. Заболотiв,180,383,,7,1,2,44718,Залізобетон,2,9,Івано-Франківська область
0.05,9,2,2,5,45,1963,,,2005,Н-10,Міст на км 180 + 897 р. Млинівка смт. Заболотів,180,897,Типовий проект,12,1,2,44719,Залізобетон,2,9,Івано-Франківська область
0.05,8.2,2,2,5,41,1963,0,,2005,Н-10,Міст на км 182 + 533 р. Турка смт. Заболотів,182,533,Типовий проект,23,1,2,44720,Залізобетон,2,9,Івано-Франківська область
0.095455,4.295238,1,1,5,41,1961,1983,,2005,Н-10,Міст на км 187 + 065 р.Чернява с.Людківці,187,65,Типовий проект,29,1,2,44721,Залізобетон,2,9,Івано-Франківська область
0.091304,4.490476,1,1,5,41,1955,1982,,2005,Н-10,Міст на км 190 + 946 p.Оpелець c.Оpелець,190,946,Типовий проект,7,1,2,44722,Залізобетон,2,9,Івано-Франківська область
0.061765,6.638095,2,2,5,41,1971,0,,2005,Н-10,Міст на км 195 + 421 р. Белелуйка с. Устя,195,421,,34,1,2,44723,Залізобетон,2,9,Івано-Франківська область
0.061765,6.638095,2,2,5,41,1971,0,,2005,Н-10,Міст на км 203 + 988 канал м. Снятин,203,988,Типовий проект,19,1,2,44724,Залізобетон,2,9,Івано-Франківська область
0.035278,19.84252,27,3,3,70,1953,1970,,2006,Н-18,Міст на км 2 + 831 струмок с.Підпечари,2,831,,8.35,1,1,44622,Залізобетон,2,9,Івано-Франківська область
0.036286,20.11811,26,2,3,73,1963,1971,,2006,Н-18,Міст на км 5 + 491 струмок с.Клубівці,5,491,,9.07,1,1,44624,Залізобетон,2,9,Івано-Франківська область
0.037111,16.706587,15,2,4,62,1961,,,2006,Н-18,Міст на км 6 + 513 р.Ворона м.Тисмениця,6,513,Типовий проект,50.4,1,2,44625,Залізобетон,2,9,Івано-Франківська область
0.036286,19.015748,26,2,3,69,1971,,,2006,Н-18,Міст на км 7 + 194 потік м.Тисмениця,7,194,,11.92,1,2,44626,Залізобетон,2,9,Івано-Франківська область
0.0254,27.165354,38,3,3,69,1956,,,2006,Н-18,Міст на км 10 + 30 потік с.Клубівці,10,30,,12,1,2,44621,Залізобетон,2,9,Івано-Франківська область
0.033421,22.440945,29,3,3,75,1956,1968,,2006,Н-18,Міст на км 14 + 840 струмок с.Остриня,14,840,,6,1,2,44627,Залізобетон,2,9,Івано-Франківська область
0.033421,19.748031,29,3,3,66,1950,1968,,2006,Н-18,Міст на км 17 + 480 струмок с.Олешів,17,480,,6,1,2,44628,Залізобетон,2,9,Івано-Франківська область
0.026458,26.456693,36,3,3,70,1958,,,2006,Н-18,Міст на км 18 + 280 р.Тлумачик с.Олешів,18,280,,28.04,1,2,44629,Залізобетон,2,9,Івано-Франківська область
0.035278,19.84252,27,3,3,70,1936,1970,,2006,Н-18,Міст на км 24 + 500 суходіл с.Нижнів,24,500,,3.89,1,3,44630,Залізобетон,2,9,Івано-Франківська область
0.035278,19.84252,27,3,3,70,1935,1970,,2006,Н-18,Міст на км 25 + 100 сухлділ с.Нижнів,25,100,,6,1,2,44631,Залізобетон,2,9,Івано-Франківська область
0.035278,22.393701,27,3,3,79,1936,1970,,2006,Н-18,Міст на км 25 + 420  суходіл с.Нижнів,25,420,,5.21,1,2,44632,Залізобетон,2,9,Івано-Франківська область
0.017887,39.133858,54,3,3,70,1935,,,2006,Н-18,Міст на км 25 + 940 суходіл с.Нижнів,25,940,,6,1,2,44633,Залізобетон,2,9,Івано-Франківська область
0.027609,28.614173,35,3,3,79,1928,1960,,2006,Н-18,Міст на км 26 + 580 потік с.Нижнів,26,580,,6.8,1,2,44634,Залізобетон,2,9,Івано-Франківська область
0.045357,15.433071,21,2,3,70,1910,1978,,2006,Н-18,Міст на км 27 + 285 р.Тлумачик с.Нижнів,27,285,,19,1,2,44635,Залізобетон,2,9,Івано-Франківська область
0.059643,9.556886,9,2,4,57,1910,1978,,2006,Н-18,Міст на км 27 + 756 p.Дністер с.Нижнів,27,756,,475.7,1,3,44623,Метал,4,9,Івано-Франківська область
0.036286,19.291339,26,2,3,70,1954,1971,,2006,Н-18,Міст на км 28 + 890 потік с.Діброва,28,890,,2.85,1,2,44636,Залізобетон,2,9,Івано-Франківська область
0.036286,19.291339,26,2,3,70,1954,1971,,2006,Н-18,Міст на км 29 + 220 потік с.Діброва,29,220,,2.86,1,2,44637,Залізобетон,2,9,Івано-Франківська область
0.024423,28.661417,39,3,3,70,1954,,,2006,Н-18,Міст на км 29 + 720 потік с.Діброва,29,720,,3,1,2,44638,Залізобетон,2,9,Івано-Франківська область
0.024423,28.251969,39,3,3,69,1954,,,2006,Н-18,Міст на км 30 + 360  потік с.Діброва,30,360,,3,1,2,44639,Залізобетон,2,9,Івано-Франківська область
0.035833,22.325581,38,3,2,80,1984,,,2008,Р-20,Міст на км 21 + 098 потік с.Ясенiв-Пільний,21,98,,6,1,3,44981,Залізобетон,2,9,Івано-Франківська область
,,,,1,100,2005,,,2005,Р-20,Міст на км 49 + 600 p.Чоpний Пoтік с. Незвисько,49,600,,37,1,3,44983,Залізобетон,2,9,Івано-Франківська область
0.029535,23.700787,32,3,3,70,1950,1965,,2008,Р-20,Міст на км 70 + 525 р.Тлумачик с.Гончарівка,70,525,Типовий проект,18.4,1,3,44996,Залізобетон,2,9,Івано-Франківська область
0.029535,24.03937,32,3,3,71,1965,,,2008,Р-20,Міст на км 86 + 198 потік с. Милування,86,198,,6,1,3,44990,Залізобетон,2,9,Івано-Франківська область
0.020976,39.093023,65,3,2,82,1935,1967,,2008,Р-20,Міст на км 88 + 540 потік с. Рошнiв,88,540,,9,1,3,44992,Залізобетон,2,9,Івано-Франківська область
0.045357,16.755906,21,2,3,76,1935,1980,,2008,Р-20,Міст на км 89 + 800 потік с. Рошнiв,89,800,Типовий проект,6,1,3,44993,Залізобетон,2,9,Івано-Франківська область
0.635,1.11811,1,1,3,71,1934,2006,,2008,Р-20,Міст на км 96 + 777 потік с.Побеpежжя,96,777,,7,1,3,44995,Залізобетон,2,9,Івано-Франківська область
0.024571,32.965116,56,3,2,81,1934,1973,,2008,Р-20,Міст на км 106 + 848 потік с. Сілець,106,848,,4,1,4,44988,Залізобетон,2,9,Івано-Франківська область
0.036286,20.944882,26,2,3,76,1934,1973,,2008,Р-20,Міст на км 107 + 060 потік с.Сілець,107,60,Типовий проект,6,1,3,44989,Залізобетон,2,9,Івано-Франківська область
0.028864,24.251969,33,3,3,70,1962,,,2006,Р-21,Міст на км 6 + 36 потiк с.Вигода,6,36,,12,1,2,45008,Залізобетон,2,9,Івано-Франківська область
0.028864,27.023622,33,3,3,78,1962,,,2006,Р-21,Міст на км 7 + 935 p.Свіча с.Вигода,7,935,Типовий проект,111.12,1,2,45009,Залізобетон,2,9,Івано-Франківська область
0.060476,11.905512,16,2,3,72,1962,1985,,2006,Р-21,Міст на км 12 + 123 р.Окниця с.Шевченково,12,123,Типовий проект,32.9,1,2,44997,Залізобетон,2,9,Івано-Франківська область
0.029535,23.023622,32,3,3,68,1963,,,2006,Р-21,Міст на км 19 + 829 потiк с.Шевченково,19,829,,6,1,3,44998,Залізобетон,2,9,Івано-Франківська область
0.030238,21.826772,32,3,3,66,1964,,,2006,Р-21,Міст на км 22 + 748 потiк с.Мислівка,22,748,,6,1,3,44999,Залізобетон,2,9,Івано-Франківська область
0.030238,24.472441,32,3,3,74,1964,,,2006,Р-21,Міст на км 23 + 935 потiк с.Шевченкове,23,935,,6,1,3,45000,Залізобетон,2,9,Івано-Франківська область
0.030238,22.818898,32,3,3,69,1964,,,2006,Р-21,Міст на км 30 + 688 р.Свіча с.Мислівка,30,688,,11.5,1,3,45001,Залізобетон,2,9,Івано-Франківська область
0.115455,5.889764,8,1,3,68,1964,1995,,2006,Р-21,Міст на км 31 + 26 р.Свіча с.Мислівка,31,26,,12,1,3,45002,Залізобетон,2,9,Івано-Франківська область
0.030238,22.818898,32,3,3,69,1964,,,2006,Р-21,Міст на км 31 + 830 р.Свіча с.Мислівка,31,830,,24,1,3,45003,Залізобетон,2,9,Івано-Франківська область
0.030238,22.488189,32,3,3,68,1964,,,2006,Р-21,Міст на км 33 + 958 потiк с.Мислівка,33,958,,3.8,1,3,45004,Залізобетон,2,9,Івано-Франківська область
0.115455,5.976378,8,1,3,69,1963,1995,,2006,Р-21,Міст на км 34 + 374 потік с.Вишків,34,374,,11.92,1,3,45005,Залізобетон,2,9,Івано-Франківська область
0.115455,5.889764,8,1,3,68,1964,1995,,2006,Р-21,Міст на км 35 + 519 р.Свіча с.Мислівка,35,519,,24.1,1,3,45006,Залізобетон,2,9,Івано-Франківська область
0.115455,5.976378,8,1,3,69,1963,1995,,2006,Р-21,Міст на км 41 + 963 потік с.Вишків,41,963,,12,1,3,45007,Залізобетон,2,9,Івано-Франківська область
0.037353,16.330709,25,2,3,61,1974,,,2008,Р-24,Міст на км 0+178 р.Прутець с.Татарів,0,178,Типовий проект,48.1,1,3,45028,Залізобетон,2,9,Івано-Франківська область
0.034324,19.228346,28,3,3,66,1971,,,2008,Р-24,Міст на км 4 + 443 потік cмт. Воpохта,4,443,Типовий проект,6.3,1,3,45039,Залізобетон,2,9,Івано-Франківська область
0.030238,17.527559,32,3,3,53,1966,,,2008,Р-24,Міст на км 5+831 потік смт.Ворохта,5,831,Типовий проект,12,1,3,45040,Залізобетон,2,9,Івано-Франківська область
0.030976,18.07874,31,3,3,56,1967,,,2008,Р-24,Міст на км 7+856  р.Войтул смт. Ворохта,7,856,Типовий проект,23.3,1,3,45041,Залізобетон,2,9,Івано-Франківська область
0.038485,16.889764,25,2,3,65,1975,,,2008,Р-24,Міст на км 8 + 446 p. Пpут смт. Воpохта,8,446,,35,1,3,45042,Залізобетон,2,9,Івано-Франківська область
0.030976,21.952756,31,3,3,68,1967,,,2008,Р-24,Міст на км 10 + 481 потік смт. Воpохта,10,481,Типовий проект,14,1,3,45031,Залізобетон,2,9,Івано-Франківська область
0.030976,22.275591,31,3,3,69,1967,,,2008,Р-24,Міст на км 14 + 746 потік смт. Воpохта,14,746,Типовий проект,20,1,3,45032,Залізобетон,2,9,Івано-Франківська область
0.03175,17.322835,30,3,3,55,1968,,,2008,Р-24,Міст на км 16 + 391 р. Мачура смт. Воpохта,16,391,Типовий проект,20,1,3,45035,Залізобетон,2,9,Івано-Франківська область
0.03175,18.267717,30,3,3,58,1968,,,2008,Р-24,Міст на км 16 + 761 р. Мачура смт. Воpохта,16,761,Типовий проект,12,1,3,45036,Залізобетон,2,9,Івано-Франківська область
0.032564,14.740157,29,3,3,48,1969,,,2008,Р-24,Міст на км 16+848 р.Мачура смт.Ворохта,16,848,Типовий проект,18.8,1,3,45037,Залізобетон,2,9,Івано-Франківська область
0.019545,42.465116,70,3,2,83,1964,,,2008,Р-24,Міст на км 21+560  потік с.Кривопілля,21,560,,30,1,3,44597,Кам`яна (цегляна) кладка і залізобетон,32,9,Івано-Франківська область
0.019545,42.465116,70,3,2,83,1964,,,2008,Р-24,Міст на км 22+675  потік с.Кривопілля,22,675,Типовий проект,11.4,1,3,44598,Залізобетон,2,9,Івано-Франківська область
0.033421,20.944882,29,3,3,70,1970,,,2008,Р-24,Міст на км 24+190  р.Кострича с.Кривопілля,24,190,Типовий проект,16,1,3,44599,Залізобетон,2,9,Івано-Франківська область
0.022632,35.348837,60,3,2,80,1970,,,2008,Р-24,Міст на км 24+966  р.Кострича с.Кривопілля,24,966,Типовий проект,19.4,1,3,44600,Залізобетон,2,9,Івано-Франківська область
0.033421,20.346457,29,3,3,68,1970,,,2008,Р-24,Міст на км 26+870  р.Кострича с.Кривопілля,26,870,Типовий проект,18,1,3,44601,Залізобетон,2,9,Івано-Франківська область
0.022051,36.27907,62,3,2,80,1969,,,2008,Р-24,Міст на  км 30+478  р.Кострича с.Ільці,30,478,,84.3,1,3,44593,Залізобетон,2,9,Івано-Франківська область
0.030976,16.787402,31,3,3,52,1967,,,2008,Р-24,Міст на км 36+036 р.Грабовець с.Ільці,36,36,Типовий проект,6,1,3,44602,Залізобетон,2,9,Івано-Франківська область
0.030976,20.015748,31,3,3,62,1967,,,2008,Р-24,Міст на км 37+279  потік смт.Верховина,37,279,Типовий проект,6.5,1,3,44603,Залізобетон,2,9,Івано-Франківська область
0.03175,20.472441,30,3,3,65,1968,,,2008,Р-24,Міст на  км 37+458  потік смт.Верховина,37,458,Типовий проект,6,1,3,44594,Залізобетон,2,9,Івано-Франківська область
0.040385,10.647619,3,2,5,43,1956,,,2008,Р-24,Міст на км 43+930  р.Бережниця с.Криворівня,43,930,Типовий проект,36,1,3,44604,Залізобетон,2,9,Івано-Франківська область
0.15875,3.338583,6,1,3,53,2000,,,2008,Р-24,Міст на км 46+360  Р.Чорний Черемош с.Верхній Ясенів,46,360,,39,1,3,44605,Метал,4,9,Івано-Франківська область
0.03175,19.84252,30,3,3,63,1968,,,2008,Р-24,Міст на км  48+075  р.Буковець с.Верхній Ясенів,48,75,Типовий проект,11,1,3,44596,Залізобетон,2,9,Івано-Франківська область
0.03175,17.007874,30,3,3,54,1968,,,2008,Р-24,Міст на км 49+035  р.Буковець с.Буковець,49,35,Типовий проект,9,1,3,44606,Залізобетон,2,9,Івано-Франківська область
0.03175,18.897638,30,3,3,60,1968,,,2008,Р-24,Міст на км 49+176  р.Буковець с.Буковець,49,176,Типовий проект,10.5,1,3,44607,Залізобетон,2,9,Івано-Франківська область
0.03175,22.047244,30,3,3,70,1968,,,2008,Р-24,Міст на км 49+274  р.Буковець с.Буковець,49,274,Типовий проект,6,1,3,44608,Залізобетон,2,9,Івано-Франківська область
0.028864,22.173228,33,3,3,64,1964,,,2008,Р-24,Міст на км 49+860  потік с.Буковець,49,860,Типовий проект,3,1,3,44609,Залізобетон,2,9,Івано-Франківська область
0.028864,21.133858,33,3,3,61,1964,,,2008,Р-24,Міст на км 50+261  потік с. Буковець,50,261,Типовий проект,15,1,3,44610,Залізобетон,2,9,Івано-Франківська область
0.028222,21.259843,34,3,3,60,1960,1964,,2009,Р-24,Міст на км 50+366  р.Рибниця с.Буковець,50,366,Типовий проект,126,1,3,44611,Залізобетон,2,9,Івано-Франківська область
0.05,9.4,2,2,5,47,1967,,,2009,Р-24,Міст на км 51+005 р.Рибниця с.Буковець,51,5,,58.1,1,3,44612,Залізобетон,2,9,Івано-Франківська область
0.024902,20.88189,38,3,3,52,1958,,,2009,Р-24,Міст на км 51+360  потік с.Буковець,51,360,,12,1,3,44613,Залізобетон,2,9,Івано-Франківська область
0.027609,24.992126,35,3,3,69,1962,,,2008,Р-24,Міст  на км 51+469  потік с.Буковець,51,496,Типовий проект,6,1,3,44592,Залізобетон,2,9,Івано-Франківська область
0.010417,76.8,166,3,1,80,1960,,,2008,Р-24,Міст на км 55+413 р.Рибниця с.Буковець,55,413,,16.3,1,3,44614,Кам`яна кладка,5,9,Івано-Франківська область
0.031509,19.676647,18,3,4,62,1956,,,2009,Р-24,МІст на  км 55+451 р. Рибниця с.Буковець,55,451,,31,1,3,44595,Кам`яна кладка,5,9,Івано-Франківська область
0.014828,49.906977,93,3,2,74,1950,,,2008,Р-24,Міст на км 55 + 877 водотік с.Явоpiв,55,877,,6,1,3,45043,Залізобетон,2,9,Івано-Франківська область
0.022679,30.866142,42,3,3,70,1952,,,2008,Р-24,Міст на км 56 + 581 p.Рибниця с.Явоpiв,56,581,,18,1,3,45044,Сталезалізобетон,24,9,Івано-Франківська область
0.029821,19.449102,19,3,4,58,1952,,,2008,Р-24,Міст на км 56 + 766 p.Рибниця с.Явоpiв,56,766,,13,1,3,45045,Кам`яна кладка,5,9,Івано-Франківська область
0.023519,27.637795,41,3,3,65,1954,,,2008,Р-24,Міст на км 56 + 869 p.Рибниця с.Явоpiв,56,869,,13,1,3,45046,Кам`яна (цегляна) кладка і залізобетон,32,9,Івано-Франківська область
0.011905,71.4,146,3,1,85,1966,,,2008,Р-24,Міст на км 64 + 176 p.Рибниця с.Явоpiв,64,176,Типовий проект,30,1,3,45053,Залізобетон,2,9,Івано-Франківська область
0.022679,31.307087,42,3,3,71,1952,,,2008,Р-24,Міст на км 72 + 082 р.Рибниця м.Косів,72,82,,12,1,3,45057,Кам`яна кладка,5,9,Івано-Франківська область
0.028222,21.968504,34,3,3,62,1912,1963,,2008,Р-24,Міст на км 101+398  потік Мишин,101,398,,7.2,1,3,45014,Залізобетон,2,9,Івано-Франківська область
0.115455,6.322835,8,1,3,73,1967,1997,,2008,Р-24,МІст на км 103+137 потік Мишин,103,137,Типовий проект,18.05,1,3,45015,Залізобетон,2,9,Івано-Франківська область
0.074706,9.23622,12,1,3,69,1966,1991,,2008,Р-24,Мціст на км 106+058 потік с.Верхній Вербіж,106,58,Типовий проект,12,1,3,45027,Залізобетон,2,9,Івано-Франківська область
0.0625,14.56,27,2,1,91,2000,,,2008,Р-24,Міст на км 108+231 р.Сопівка с.Нижній Вербіж,108,231,Типовий проект,4,1,3,45016,Залізобетон,2,9,Івано-Франківська область
,,,,1,91,1998,2007,,2008,Р-24,Міст на км 109+802  р.Прут м.Коломия,109,802,,169.46,1,3,45017,Сталезалізобетон,24,9,Івано-Франківська область
0.023519,27.212598,41,3,3,64,1954,,,2008,Р-24,Міст на км 117+175 р.Коломийка с.Королівка,117,175,Типовий проект,26.3,1,3,45018,Залізобетон,2,9,Івано-Франківська область
0.028864,21.133858,33,3,3,61,1964,,,2008,Р-24,Міст на км 121+183 потік с.Пядики,121,183,Типовий проект,18.1,1,3,45019,Залізобетон,2,9,Івано-Франківська область
0.031852,25.116279,43,3,2,80,1981,,,2008,Р-24,Міст на км 124+453  потік с.Ценява,124,453,Типовий проект,6,1,3,45020,Залізобетон,2,9,Івано-Франківська область
0.017917,43.534884,76,3,2,78,1960,,,2008,Р-24,Міст на км 124+960  потік с.Ценява,124,960,,4,1,3,45021,Залізобетон,2,9,Івано-Франківська область
0.028864,22.173228,33,3,3,64,1964,,,2008,Р-24,Міст на км 128+883 р.Турка с.Підгайчики,128,883,Типовий проект,19.5,1,3,45022,Залізобетон,2,9,Івано-Франківська область
0.070556,9.637795,13,1,3,68,1990,,,2008,Р-24,Міст на км 132+944  потік с.Старий  Гвіздець,132,944,Типовий проект,6,1,3,45023,Залізобетон,2,9,Івано-Франківська область
0.070556,9.637795,13,1,3,68,1952,1990,,2008,Р-24,Міст на км 136+898  потік с.Гвіздець,136,898,Типовий проект,6,1,3,45024,Залізобетон,2,9,Івано-Франківська область
0.024902,26.503937,38,3,3,66,1957,,,2008,Р-24,Міст на км 137+009  потік с.Гвіздець,137,9,Типовий проект,34.27,1,3,45025,Залізобетон,2,9,Івано-Франківська область
0.024902,26.102362,38,3,3,65,1957,,,2008,Р-24,Міст на км 140 + 979 потік с. Беремяни,140,979,Типовий проект,5,1,3,45026,Залізобетон,2,9,Івано-Франківська область
0.090714,8.598425,10,1,3,78,1977,1994,,2008,Р-24,Міст на км 171 + 978 р. Дністер с. Устечко,171,978,,402.8,1,3,45013,Залізобетон,2,9,Івано-Франківська область
0.084667,8.503937,11,1,3,72,1966,1993,,2008,Р-38,Міст на км 1 + 818 р. Бистриця Солотвинська с. Пiдгip'я,1,818,Типовий проект,128.6,1,3,45068,Залізобетон,2,9,Івано-Франківська область
0.084667,7.086614,11,1,3,60,1949,1993,,2008,Р-38,Міст на км 1 + 926 потік с. Підгір'я,1,926,,6,1,3,45069,Залізобетон,2,9,Івано-Франківська область
0.021525,27.874016,45,3,3,60,1949,,,2008,Р-38,Міст на км 2 + 738 потік с. Дзвиняч,2,738,,3,1,3,45075,Залізобетон,2,9,Івано-Франківська область
0.043947,12.287425,12,2,4,54,1970,,,2008,Р-38,Міст на км 11 + 595 потік с.Дзвиняч,11,595,,3,1,3,45070,Залізобетон,2,9,Івано-Франківська область
0.033421,20.944882,29,3,3,70,1970,,,2008,Р-38,Міст на км 12 + 176 потік с.Дзвиняч,12,176,Типовий проект,6,1,3,45071,Залізобетон,2,9,Івано-Франківська область
0.039688,17.133858,24,2,3,68,1938,1976,,2008,Р-38,Міст на км 13 + 928 потік смт. Солотвино,13,928,Типовий проект,12,1,3,45072,Залізобетон,2,9,Івано-Франківська область
0.018406,35.314961,52,3,3,65,1939,,,2008,Р-38,Міст на км 15 + 372 потік смт. Солотвино,15,372,,12,1,3,45073,Залізобетон,2,9,Івано-Франківська область
0.040968,16.354331,23,2,3,67,1977,,,2008,Р-38,Міст на км 15 + 915 потік смт. Солотвино,15,915,Типовий проект,12,1,3,45074,Залізобетон,2,9,Івано-Франківська область
0.0635,10.708661,15,2,3,68,1988,,,2008,Р-38,Міст на км 23 + 258 потік с.Яблунька,23,258,,6,1,3,45080,Залізобетон,2,9,Івано-Франківська область
0.057727,11.952756,16,2,3,69,1986,,,2008,Р-38,Міст на км 28 + 904 p. Бистриця Солотвинська с. Поpоги,28,904,Типовий проект,127.9,1,3,45082,Залізобетон,2,9,Івано-Франківська область
0.018143,36.929134,53,3,3,67,1938,,,2008,Р-38,Міст на км 33 + 334 потік с. Стара Гута,33,334,,6,1,3,45085,Залізобетон,2,9,Івано-Франківська область
0.034324,20.393701,28,3,3,70,1970,,,2007,Р-62,Міст на км 1 + 321 потік с.Верхній Ясеніів,1,321,,6,1,4,45088,Залізобетон,2,9,Івано-Франківська область
0.034324,20.393701,28,3,3,70,1970,,,2007,Р-62,Міст на км 1 + 874 потік с.Верхній Ясенів,1,874,,6,1,4,45089,Залізобетон,2,9,Івано-Франківська область
0.034324,20.393701,28,3,3,70,1970,,,2007,Р-62,Міст на км 3 + 084 потік с.Верхній Ясенів,3,84,,6,1,4,45092,Залізобетон,2,9,Івано-Франківська область
0.039688,17.637795,24,2,3,70,1975,,,2007,Р-62,Міст на км 3 + 931 потік с.Ясенів,3,931,,6,1,4,45093,Залізобетон,2,9,Івано-Франківська область
0.045357,14.330709,21,2,3,65,1979,,,2007,Р-62,Міст на км 10 + 307 потік с.Устеріки,10,307,,6,1,4,45090,Залізобетон,2,9,Івано-Франківська область
0.141111,5.173228,6,1,3,73,1998,,,2007,Р-62,Міст на км 13 + 839 р. Черемош с. Барвінків,13,839,,107,1,4,45091,Метал,4,9,Івано-Франківська область
0.033421,20.645669,29,3,3,69,1969,,,2007,Р-62,Міст на км 35 + 038 потік с.Великий Рожен,35,38,,34.31,1,3,44640,Залізобетон,2,9,Івано-Франківська область
0.035278,19.559055,27,3,3,69,1964,1971,,2007,Р-62,Міст на км 38 + 154 потік с.Тюдів,38,154,,30,1,3,44641,Залізобетон,2,9,Івано-Франківська область
